-- 1. equipment_types
INSERT INTO equipment_types (type_name, equipment_standards_url) VALUES
('дыхательный аппарат', '/standards/breathing/1'),
('тепловизор', '/standards/thermal/1'),
('газоанализатор', '/standards/gas/1'),
('медицинская аптечка', '/standards/med/1'),
('спасательная капсула', '/standards/capsule/1'),
('генератор кислорода', '/standards/oxygen/1'),
('радиостанция', '/standards/radio/1'),
('осветительный прибор', '/standards/light/1'),
('инструмент для разбора завалов', '/standards/tools/1'),
('противопожарное оборудование', '/standards/fire/1'),
('гидравлический инструмент', '/standards/hydraulic/1'),
('средства индивидуальной защиты', '/standards/ppe/1'),
('навигационное оборудование', '/standards/navigation/1'),
('водолазное снаряжение', '/standards/diving/1'),
('альпинистское снаряжение', '/standards/climbing/1'),
('робототехнический комплекс', '/standards/robot/1'),
('дрон', '/standards/drone/1'),
('георадар', '/standards/georadar/1'),
('дефибриллятор', '/standards/defibrillator/1'),
('лабораторное оборудование', '/standards/lab/1');

-- 2. objects
INSERT INTO objects (object_type, name, address, phone, email, director_full_name) VALUES
('surface', 'Рудник "Северный"', 'ул. Шахтерская, 15, г. Норильск', '+7(915)123-45-67', 'north_mine@mail.ru', 'Иванов Петр Сергеевич'),
('deep', 'Шахта "Глубокая-1"', 'пр. Горняков, 22, г. Воркута', '+7(916)234-56-78', 'deep1@mail.ru', 'Смирнов Алексей Владимирович'),
('upland', 'Карьер "Высокогорный"', 'ул. Карьерная, 5, г. Кемерово', '+7(917)345-67-89', 'highquarry@mail.ru', 'Кузнецов Дмитрий Иванович'),
('upland_deep', 'Комбинат "УралПром"', 'ш. Промышленное, 10, г. Челябинск', '+7(918)456-78-90', 'uralprom@mail.ru', 'Петров Михаил Алексеевич'),
('underwater_mining', 'Шахта "Подводная"', 'ул. Морская, 3, г. Мурманск', '+7(919)567-89-01', 'undersea@mail.ru', 'Сидоров Андрей Николаевич'),
('surface', 'Рудник "Восточный"', 'ул. Восточная, 7, г. Магадан', '+7(920)678-90-12', 'east_mine@mail.ru', 'Васильев Сергей Петрович'),
('deep', 'Шахта "Антрацит"', 'пр. Шахтерский, 18, г. Донецк', '+7(921)789-01-23', 'antracit@mail.ru', 'Морозов Виктор Иванович'),
('upland', 'Карьер "Скалистый"', 'ул. Каменная, 12, г. Красноярск', '+7(922)890-12-34', 'rocky@mail.ru', 'Никитин Александр Сергеевич'),
('upland_deep', 'Рудник "Металлург"', 'пр. Металлургов, 25, г. Магнитогорск', '+7(923)901-23-45', 'metallurg@mail.ru', 'Федоров Игорь Викторович'),
('underwater_mining', 'Прииск "Морской"', 'ул. Портовская, 9, г. Владивосток', '+7(924)012-34-56', 'sea_mine@mail.ru', 'Белов Павел Дмитриевич'),
('surface', 'Шахта "Западная"', 'ул. Западная, 14, г. Калининград', '+7(925)123-45-67', 'west_mine@mail.ru', 'Тихонов Николай Андреевич'),
('deep', 'Рудник "Угольный"', 'пр. Угольный, 30, г. Новокузнецк', '+7(926)234-56-78', 'coal_mine@mail.ru', 'Комаров Владислав Олегович'),
('upland', 'Карьер "Горный"', 'ул. Горная, 8, г. Чита', '+7(927)345-67-89', 'mountain_q@mail.ru', 'Орлов Артем Михайлович'),
('upland_deep', 'Комбинат "Сибирь"', 'ш. Сибирское, 11, г. Томск', '+7(928)456-78-90', 'siberia@mail.ru', 'Антонов Евгений Александрович'),
('underwater_mining', 'Шахта "Аквамарин"', 'ул. Речная, 6, г. Архангельск', '+7(929)567-89-01', 'aquamarine@mail.ru', 'Григорьев Максим Сергеевич'),
('surface', 'Рудник "Южный"', 'ул. Южная, 20, г. Ростов-на-Дону', '+7(930)678-90-12', 'south_mine@mail.ru', 'Киселев Роман Игоревич'),
('deep', 'Шахта "Глубокая-2"', 'пр. Глубинный, 17, г. Ленинск-Кузнецкий', '+7(931)789-01-23', 'deep2@mail.ru', 'Максимов Денис Владимирович'),
('upland', 'Карьер "Вершина"', 'ул. Высотная, 4, г. Абакан', '+7(932)890-12-34', 'peak@mail.ru', 'Захаров Иван Петрович'),
('upland_deep', 'Рудник "Полярный"', 'ул. Полярная, 13, г. Норильск', '+7(933)901-23-45', 'polar_mine@mail.ru', 'Соловьев Антон Алексеевич'),
('underwater_mining', 'Прииск "Байкал"', 'ул. Озерная, 2, г. Иркутск', '+7(934)012-34-56', 'baikal_mine@mail.ru', 'Волков Станислав Николаевич');

-- 3. accident_types
INSERT INTO accident_types (accident_name, danger_level) VALUES
('обрушение породы', 'high'),
('пожар в шахте', 'critical'),
('загазованность', 'medium'),
('прорыв воды', 'critical'),
('обрыв подъемника', 'high'),
('взрыв метана', 'critical'),
('отравление угарным газом', 'medium'),
('травма горняка', 'low'),
('поломка оборудования', 'low'),
('обвал кровли', 'high'),
('задымление', 'medium'),
('электротравма', 'medium'),
('тепловой удар', 'low'),
('затопление', 'critical'),
('утечка химикатов', 'high'),
('падение с высоты', 'high'),
('поражение электрическим током', 'medium'),
('завал прохода', 'medium'),
('пожар на поверхности', 'medium'),
('техногенная авария', 'critical');

-- 4. accidents
INSERT INTO accidents (id_object, accident_type, begin_date_time, status, description, first_estimate, cause) VALUES
(1, 'обрушение породы', '2024-01-15 08:30:00', 'resolved', 'Обрушение в 3-й лаве на глубине 200м', 'Незначительные повреждения, нет пострадавших', 'недостаточное крепление'),
(2, 'пожар в шахте', '2024-02-20 14:15:00', 'contained', 'Возгорание конвейерной ленты', 'Локализован, эвакуация завершена', 'перегрев подшипника'),
(3, 'загазованность', '2024-03-10 10:00:00', 'investigating', 'Повышение уровня метана в 5-м блоке', 'Работы приостановлены, вентиляция усилена', 'неисправность вентиляции'),
(4, 'прорыв воды', '2024-04-05 22:45:00', 'in_progress', 'Поступление воды из старой выработки', 'Затоплено 2 участка, ведется откачка', 'нарушение гидроизоляции'),
(5, 'обрыв подъемника', '2024-05-12 07:20:00', 'reported', 'Обрыв троса клети на подъеме', 'Клеть застряла на 150м, люди внутри', 'износ троса'),
(6, 'взрыв метана', '2024-06-18 16:30:00', 'resolved', 'Взрыв в подготовительной выработке', 'Разрушения, 2 пострадавших', 'искра от оборудования'),
(7, 'отравление угарным газом', '2024-07-03 11:10:00', 'contained', 'Скопление CO в тупиковой зоне', '3 работника госпитализированы', 'неполное сгорание'),
(8, 'травма горняка', '2024-08-22 09:45:00', 'resolved', 'Перелом ноги при погрузке', 'Работник доставлен в больницу', 'нарушение техники безопасности'),
(9, 'поломка оборудования', '2024-09-14 13:25:00', 'investigating', 'Выход из строя комбайна', 'Добыча остановлена на 8 часов', 'перегрузка'),
(10, 'обвал кровли', '2024-10-30 18:00:00', 'in_progress', 'Обвал в транспортной выработке', 'Завал 20 метров, ведется разбор', 'геологический разлом');
-- (11, 'задымление', '2024-11-05 12:15:00', 'reported', 'Задымление от короткого замыкания', 'Эвакуация с нижних горизонтов', 'неисправная проводка'),
-- (12, 'электротравма', '2024-12-10 08:50:00', 'contained', 'Поражение током на подстанции', 'Работник в реанимации', 'отсутствие изоляции'),
-- (13, 'тепловой удар', '2024-01-25 15:30:00', 'resolved', 'Перегрев работника в глубокой шахте', 'Медицинская помощь оказана на месте', 'высокая температура'),
-- (14, 'затопление', '2024-02-14 20:10:00', 'investigating', 'Поступление грунтовых вод', 'Затоплено 3 выработки', 'прорыв водоносного слоя'),
-- (15, 'утечка химикатов', '2024-03-08 07:45:00', 'in_progress', 'Утечка реагентов на обогатительной фабрике', 'Эвакуация персонала, нейтрализация', 'разрыв трубопровода'),
-- (16, 'падение с высоты', '2024-04-19 10:20:00', 'reported', 'Падение с платформы высотой 6м', 'Множественные травмы', 'отсутствие ограждения'),
-- (17, 'пожар на поверхности', '2024-05-28 14:50:00', 'resolved', 'Возгорание в административном здании', 'Пожар потушен, ущерб минимальный', 'неисправность электропроводки'),
-- (18, 'завал прохода', '2024-06-03 09:05:00', 'contained', 'Завал после взрывных работ', '1 работник заблокирован, ведется спасение', 'неправильный расчет заряда'),
-- (19, 'техногенная авария', '2024-07-17 23:30:00', 'investigating', 'Сбой системы вентиляции всего рудника', 'Работы остановлены, проверка систем', 'отказ оборудования'),
-- (20, 'обрушение породы', '2024-08-09 16:40:00', 'in_progress', 'Обрушение в новом участке добычи', 'Завал основного прохода, оценка ущерба', 'недостаточная разведка');

-- 5. applications_for_admission
INSERT INTO applications_for_admission (id_object, passport_number, first_name, last_name, surname, issue_date, phone, email, status, birthday_date, home_address) VALUES
(1, '4510123456', 'Александр', 'Иванов', NULL, '2024-01-10', '+7(901)111-22-33', 'ivanov_a@mail.ru', 'рассмотрение', '1990-05-15', 'ул. Ленина, 10, кв.5, г. Норильск'),
(2, '4510234567', 'Дмитрий', 'Петров', 'Сергеевич', '2024-01-12', '+7(902)222-33-44', 'petrov_d@mail.ru', 'одобрено', '1985-08-20', 'пр. Мира, 15, г. Воркута'),
(3, '4510345678', 'Сергей', 'Сидоров', NULL, '2024-01-15', '+7(903)333-44-55', 'sidorov_s@mail.ru', 'отклонено', '1992-11-30', 'ул. Шахтерская, 8, г. Кемерово'),
(4, '4510456789', 'Андрей', 'Кузнецов', 'Алексеевич', '2024-01-18', '+7(904)444-55-66', 'kuznetsov_a@mail.ru', 'рассмотрение', '1988-03-22', 'ш. Горное, 12, г. Челябинск'),
(5, '4510567890', 'Михаил', 'Смирнов', NULL, '2024-01-20', '+7(905)555-66-77', 'smirnov_m@mail.ru', 'одобрено', '1995-07-14', 'ул. Морская, 3, г. Мурманск'),
(6, '4510678901', 'Владимир', 'Васильев', 'Игоревич', '2024-01-22', '+7(906)666-77-88', 'vasiliev_v@mail.ru', 'рассмотрение', '1991-12-05', 'ул. Восточная, 7, г. Магадан'),
(7, '4510789012', 'Алексей', 'Николаев', NULL, '2024-01-25', '+7(907)777-88-99', 'nikolaev_a@mail.ru', 'отклонено', '1987-09-18', 'пр. Шахтерский, 18, г. Донецк'),
(8, '4510890123', 'Павел', 'Федоров', 'Дмитриевич', '2024-01-28', '+7(908)888-99-00', 'fedorov_p@mail.ru', 'одобрено', '1993-04-11', 'ул. Каменная, 12, г. Красноярск'),
(9, '4510901234', 'Игорь', 'Морозов', NULL, '2024-01-30', '+7(909)999-00-11', 'morozov_i@mail.ru', 'рассмотрение', '1990-01-25', 'пр. Металлургов, 25, г. Магнитогорск'),
(10, '4510012345', 'Николай', 'Белов', 'Викторович', '2024-02-01', '+7(910)000-11-22', 'belov_n@mail.ru', 'одобрено', '1986-06-08', 'ул. Портовская, 9, г. Владивосток'),
(11, '4510123457', 'Роман', 'Тихонов', NULL, '2024-02-03', '+7(911)111-22-33', 'tikhonov_r@mail.ru', 'отклонено', '1994-10-17', 'ул. Западная, 14, г. Калининград'),
(12, '4510234568', 'Виталий', 'Комаров', 'Олегович', '2024-02-05', '+7(912)222-33-44', 'komarov_v@mail.ru', 'рассмотрение', '1989-02-28', 'пр. Угольный, 30, г. Новокузнецк'),
(13, '4510345679', 'Артем', 'Орлов', NULL, '2024-02-07', '+7(913)333-44-55', 'orlov_a@mail.ru', 'одобрено', '1992-08-03', 'ул. Горная, 8, г. Чита'),
(14, '4510456790', 'Евгений', 'Антонов', 'Александрович', '2024-02-09', '+7(914)444-55-66', 'antonov_e@mail.ru', 'рассмотрение', '1987-11-12', 'ш. Сибирское, 11, г. Томск'),
(15, '4510567901', 'Максим', 'Григорьев', NULL, '2024-02-11', '+7(915)555-66-77', 'grigorev_m@mail.ru', 'отклонено', '1991-05-26', 'ул. Речная, 6, г. Архангельск'),
(16, '4510679012', 'Денис', 'Киселев', 'Игоревич', '2024-02-13', '+7(916)666-77-88', 'kiselev_d@mail.ru', 'одобрено', '1993-03-19', 'ул. Южная, 20, г. Ростов-на-Дону'),
(17, '4510789013', 'Станислав', 'Максимов', NULL, '2024-02-15', '+7(917)777-88-99', 'maksimov_s@mail.ru', 'рассмотрение', '1988-07-07', 'пр. Глубинный, 17, г. Ленинск-Кузнецкий'),
(18, '4510890124', 'Иван', 'Захаров', 'Петрович', '2024-02-17', '+7(918)888-99-00', 'zakharov_i@mail.ru', 'одобрено', '1990-09-21', 'ул. Высотная, 4, г. Абакан'),
(19, '4510901235', 'Антон', 'Соловьев', NULL, '2024-02-19', '+7(919)999-00-11', 'soloviev_a@mail.ru', 'отклонено', '1994-12-14', 'ул. Полярная, 13, г. Норильск'),
(20, '4510012346', 'Егор', 'Волков', 'Николаевич', '2024-02-21', '+7(920)000-11-22', 'volkov_e@mail.ru', 'рассмотрение', '1985-04-02', 'ул. Озерная, 2, г. Иркутск');

-- 6. candidates_documents (для первых 5 заявлений)
INSERT INTO candidates_documents (document_type, id_application, document_url, valid_until) VALUES
('medical_certificate', 1, '/docs/app1/medical.pdf', '2099-12-31'),
('education_diploma', 1, '/docs/app1/diploma.pdf', '2099-12-31'),
('training_certificate', 1, '/docs/app1/training.pdf', '2099-06-30'),
('passport_copy', 1, '/docs/app1/passport.pdf', '2099-12-31'),
('photo', 1, '/docs/app1/photo.jpg', '2099-12-31'),
('medical_certificate', 2, '/docs/app2/medical.pdf', '2099-11-30'),
('education_diploma', 2, '/docs/app2/diploma.pdf', '2099-12-31'),
('work_book', 2, '/docs/app2/workbook.pdf', '2099-12-31'),
('military_id', 2, '/docs/app2/military.pdf', '2099-12-31'),
('passport_copy', 2, '/docs/app2/passport.pdf', '2099-12-31'),
('medical_certificate', 3, '/docs/app3/medical.pdf', '2099-10-31'),
('education_diploma', 3, '/docs/app3/diploma.pdf', '2099-12-31'),
('training_certificate', 3, '/docs/app3/training.pdf', '2099-09-30'),
('photo', 3, '/docs/app3/photo.jpg', '2099-12-31'),
('medical_certificate', 4, '/docs/app4/medical.pdf', '2099-01-31'),
('education_diploma', 4, '/docs/app4/diploma.pdf', '2099-12-31'),
('work_book', 4, '/docs/app4/workbook.pdf', '2099-12-31'),
('passport_copy', 4, '/docs/app4/passport.pdf', '2099-12-31'),
('medical_certificate', 5, '/docs/app5/medical.pdf', '2099-12-31'),
('education_diploma', 5, '/docs/app5/diploma.pdf', '2099-12-31');

-- 7. candidates_medical_parameters (для первых 10 заявлений)
INSERT INTO candidates_medical_parameters (id_application, date, expire_date, health_group, height, weight, note) VALUES
(1, '2024-01-05', '2026-12-31', 1, 178.50, 75.20, 'Здоров, годен без ограничений'),
(2, '2024-01-10', '2026-11-30', 2, 182.30, 85.50, 'Незначительные отклонения, годен'),
(3, '2024-01-08', '2026-10-31', 3, 175.00, 70.10, 'Ограничения по зрению'),
(4, '2024-01-12', '2026-01-31', 1, 190.20, 92.30, 'Абсолютно здоров'),
(5, '2024-01-18', '2026-12-31', 2, 168.40, 68.90, 'Годен с незначительными ограничениями'),
(6, '2024-01-20', '2026-12-31', 1, 185.60, 80.20, 'Здоров, годен'),
(7, '2024-01-22', '2026-11-30', 3, 172.30, 78.50, 'Проблемы с давлением'),
(8, '2024-01-25', '2026-02-28', 2, 179.10, 83.40, 'Годен с ограничениями'),
(9, '2024-01-28', '2026-12-31', 1, 181.50, 76.80, 'Здоров'),
(10, '2024-01-30', '2026-01-31', 2, 176.90, 79.20, 'Годен');

-- 8. positions
INSERT INTO positions (position_name, salary, min_experience_years, responsibilities) VALUES
('командир ВГК', 80000.00, 5, 'Руководство спасательным формированием, планирование операций'),
('спасатель', 45000.00, 1, 'Проведение спасательных операций, оказание первой помощи'),
('медик', 55000.00, 3, 'Медицинская помощь пострадавшим, сопровождение операций'),
('водолаз', 60000.00, 4, 'Подводные спасательные работы, обследование затопленных объектов'),
('альпинист', 50000.00, 3, 'Работы на высоте, в сложных горных условиях'),
('взрывник', 70000.00, 6, 'Взрывные работы для разбора завалов, специальные операции'),
('радист', 40000.00, 2, 'Обеспечение связи, работа с оборудованием'),
('водитель спецтехники', 48000.00, 3, 'Управление спецтранспортом, доставка оборудования'),
('кинолог', 52000.00, 4, 'Работа со служебными собаками, поиск людей'),
('инструктор', 65000.00, 7, 'Обучение спасателей, проведение тренировок'),
('техник', 42000.00, 2, 'Обслуживание оборудования, ремонт снаряжения'),
('пожарный', 47000.00, 3, 'Тушение пожаров, работа в задымленных условиях'),
('газоспасатель', 58000.00, 4, 'Работа в загазованной среде, газовый анализ'),
('электрик', 44000.00, 3, 'Электробезопасность, ремонт электрооборудования'),
('геодезист', 46000.00, 4, 'Обследование terrain, оценка устойчивости'),
('психолог', 50000.00, 5, 'Психологическая помощь, работа со стрессом'),
('логист', 43000.00, 2, 'Снабжение, доставка ресурсов'),
('диспетчер', 41000.00, 2, 'Координация действий, оперативная связь'),
('инженер', 75000.00, 6, 'Инженерные расчеты, проектирование операций'),
('начальник смены', 70000.00, 8, 'Руководство сменой, оперативное управление');

-- 9. vgk (по 2 ВГК на каждый объект)
INSERT INTO vgk (id_object, status, formation_date) VALUES
(1, DEFAULT, '2020-01-15'),
(1, DEFAULT, '2021-03-20'),
(2, DEFAULT, '2019-05-10'),
(2, DEFAULT, '2022-08-12'),
(3, DEFAULT, '2020-11-05'),
(3, 'dismissed', '2021-06-18'),
(4, DEFAULT, '2018-09-25'),
(4, DEFAULT, '2023-02-14'),
(5, DEFAULT, '2019-12-01'),
(5, DEFAULT, '2022-04-30'),
(6, DEFAULT, '2020-07-19'),
(6, DEFAULT, '2023-01-08'),
(7, DEFAULT, '2018-03-22'),
(7, DEFAULT, '2021-10-11'),
(8, DEFAULT, '2019-08-17'),
(8, DEFAULT, '2022-05-09'),
(9, DEFAULT, '2020-12-03'),
(9, 'dismissed', '2023-03-26'),
(10, DEFAULT, '2017-06-28'),
(10, DEFAULT, '2022-11-15');

-- 10. vgk_rescuers (по 4 спасателя на каждый ВГК)
INSERT INTO vgk_rescuers (id_vgk, position, first_name, second_name, surname, status, birth_date, home_address, experience_years) VALUES
(1, 'командир ВГК', 'Иван', 'Семенов', 'Петрович', 'on_duty', '1980-05-15', 'ул. Горняков, 5, г. Норильск', 15),
(1, 'спасатель', 'Петр', 'Иванов', 'Сергеевич', 'on_duty', '1985-08-22', 'ул. Шахтерская, 10, г. Норильск', 8),
(1, 'медик', 'Сергей', 'Петров', 'Алексеевич', 'on_duty', '1990-03-10', 'пр. Ленина, 15, г. Норильск', 5),
(1, 'водолаз', 'Алексей', 'Сергеев', 'Дмитриевич', 'inactive', '1988-11-30', 'ул. Полярная, 8, г. Норильск', 7),
(2, 'командир ВГК', 'Дмитрий', 'Алексеев', 'Викторович', 'on_duty', '1978-12-20', 'ул. Заполярная, 12, г. Норильск', 20),
(2, 'спасатель', 'Виктор', 'Дмитриев', 'Игоревич', 'on_duty', '1983-06-14', 'пр. Мира, 18, г. Норильск', 10),
(2, 'взрывник', 'Игорь', 'Викторов', 'Николаевич', 'on_duty', '1987-09-25', 'ул. Северная, 7, г. Норильск', 8),
(2, 'радист', 'Николай', 'Игорев', 'Андреевич', 'on_duty', '1992-02-08', 'ш. Промышленное, 3, г. Норильск', 4),
(3, 'командир ВГК', 'Андрей', 'Николаев', 'Борисович', 'on_duty', '1975-10-05', 'ул. Шахтная, 9, г. Воркута', 25),
(3, 'спасатель', 'Борис', 'Андреев', 'Владимирович', 'on_duty', '1982-04-18', 'пр. Горный, 11, г. Воркута', 12),
(3, 'альпинист', 'Владимир', 'Борисов', 'Геннадьевич', 'on_duty', '1989-07-22', 'ул. Угольная, 6, г. Воркута', 6),
(3, 'техник', 'Геннадий', 'Владимиров', 'Евгеньевич', 'inactive', '1991-12-03', 'ул. Рабочая, 14, г. Воркута', 3),
(4, 'командир ВГК', 'Евгений', 'Геннадьев', 'Константинович', 'on_duty', '1981-03-30', 'ул. Карьерная, 8, г. Кемерово', 14),
(4, 'спасатель', 'Константин', 'Евгеньев', 'Леонидович', 'on_duty', '1986-11-12', 'пр. Строителей, 13, г. Кемерово', 9),
(4, 'пожарный', 'Леонид', 'Константинов', 'Михайлович', 'inactive', '1993-05-28', 'ул. Октябрьская, 17, г. Кемерово', 4),
(null, 'газоспасатель', '6ихаил', 'Леонидов', 'Олегович', 'dismissed', '1990-08-07', 'ул. Весенняя, 4, г. Кемерово', 5),
(5, 'командир ВГК', 'Олег', 'Михайлов', 'Павлович', 'on_duty', '1979-01-25', 'ш. Промышленное, 10, г. Челябинск', 18),
(5, 'спасатель', 'Павел', 'Олегов', 'Романович', 'on_duty', '1984-09-16', 'ул. Металлургов, 22, г. Челябинск', 11),
(5, 'водитель спецтехники', 'Роман', 'Павлов', 'Станиславович', 'on_duty', '1988-02-14', 'пр. Победы, 19, г. Челябинск', 7),
(5, 'кинолог', 'Станислав', 'Романов', 'Тимофеевич', 'on_duty', '1995-06-09', 'ул. Солнечная, 11, г. Челябинск', 2),
(6, 'командир ВГК', 'Вадим', 'Тарасов', 'Юрьевич', 'inactive', '1982-11-14', 'ул. Восточная, 7, г. Магадан', 12),
(6, 'спасатель', 'Юрий', 'Вадимов', 'Романович', 'inactive', '1990-03-25', 'пр. Горный, 11, г. Магадан', 6),
(6, 'медик', 'Роман', 'Юрьев', 'Артемович', 'inactive', '1993-07-18', 'ул. Спасателей, 8, г. Магадан', 3),
(7, 'командир ВГК', 'Артем', 'Романов', 'Васильевич', 'on_duty', '1977-09-30', 'пр. Шахтерский, 18, г. Донецк', 18),
(7, 'спасатель', 'Василий', 'Артемов', 'Георгиевич', 'on_duty', '1985-04-12', 'ул. Донецкая, 22, г. Донецк', 9),
(7, 'взрывник', 'Георгий', 'Васильев', 'Денисович', 'inactive', '1991-08-05', 'ш. Взрывное, 3, г. Донецк', 5),
(7, 'радист', 'Денис', 'Георгиев', 'Егорович', 'on_duty', '1994-01-28', 'ул. Радио, 9, г. Донецк', 2),
(8, 'спасатель', 'Егор', 'Денисов', 'Захарович', 'on_duty', '1988-05-19', 'ул. Каменная, 12, г. Красноярск', 7),
(8, 'техник', 'Захар', 'Егоров', 'Ильич', 'on_duty', '1992-10-03', 'пр. Технический, 14, г. Красноярск', 4),
(9, 'командир ВГК', 'Илья', 'Захаров', 'Константинович', 'on_duty', '1980-12-08', 'пр. Металлургов, 25, г. Магнитогорск', 14),
(9, 'спасатель', 'Константин', 'Ильин', 'Леонидович', 'on_duty', '1987-02-21', 'ул. Сталеваров, 17, г. Магнитогорск', 8),
(9, 'водолаз', 'Леонид', 'Константинов', 'Максимович', 'on_duty', '1990-06-14', 'ул. Водная, 5, г. Магнитогорск', 6),
(NULL, 'спасатель', 'Максим', 'Леонидов', 'Никитич', 'dismissed', '1993-09-07', 'ул. Портовская, 9, г. Владивосток', 3),
(NULL, 'медик', 'Никита', 'Максимов', 'Олегович', 'dismissed', '1995-11-20', 'пр. Морской, 13, г. Владивосток', 1),
(11, 'командир ВГК', 'Олег', 'Никитин', 'Павлович', 'on_duty', '1979-03-15', 'ул. Западная, 14, г. Калининград', 16),
(11, 'спасатель', 'Павел', 'Олегов', 'Ростиславович', 'on_duty', '1986-07-28', 'пр. Балтийский, 19, г. Калининград', 9),
(11, 'альпинист', 'Ростислав', 'Павлов', 'Семенович', 'inactive', '1991-12-11', 'ул. Высотная, 7, г. Калининград', 5),
(12, 'командир ВГК', 'Семен', 'Ростиславов', 'Тимофеевич', 'inactive', '1983-04-24', 'пр. Угольный, 30, г. Новокузнецк', 11),
(13, 'командир ВГК', 'Тимофей', 'Семенов', 'Федорович', 'on_duty', '1976-08-17', 'ул. Горная, 8, г. Чита', 20),
(13, 'спасатель', 'Федор', 'Тимофеев', 'Эдуардович', 'on_duty', '1984-11-30', 'ш. Горняков, 11, г. Чита', 10),
(13, 'пожарный', 'Эдуард', 'Федоров', 'Юрьевич', 'on_duty', '1989-02-13', 'ул. Огневая, 6, г. Чита', 7),
(14, 'командир ВГК', 'Юрий', 'Эдуардов', 'Ярославович', 'on_duty', '1981-05-06', 'ш. Сибирское, 11, г. Томск', 13),
(14, 'спасатель', 'Ярослав', 'Юрьев', 'Анатольевич', 'on_duty', '1988-09-19', 'ул. Томская, 15, г. Томск', 8),
(14, 'газоспасатель', 'Анатолий', 'Ярославов', 'Борисович', 'on_duty', '1992-01-02', 'пр. Газовый, 12, г. Томск', 4),
(15, 'спасатель', 'Борис', 'Анатольев', 'Викторович', 'on_duty', '1985-06-25', 'ул. Речная, 6, г. Архангельск', 9),
(15, 'водитель спецтехники', 'Виктор', 'Борисов', 'Геннадьевич', 'inactive', '1990-10-08', 'пр. Северный, 14, г. Архангельск', 5),
(16, 'командир ВГК', 'Геннадий', 'Викторов', 'Дмитриевич', 'on_duty', '1978-02-01', 'ул. Южная, 20, г. Ростов-на-Дону', 17),
(16, 'спасатель', 'Дмитрий', 'Геннадьев', 'Евгеньевич', 'on_duty', '1995-05-14', 'пр. Донской, 18, г. Ростов-на-Дону', 2),
(17, 'командир ВГК', 'Евгений', 'Дмитриев', 'Жданович', 'on_duty', '1982-07-27', 'пр. Глубинный, 17, г. Ленинск-Кузнецкий', 12),
(17, 'спасатель', 'Ждан', 'Евгеньев', 'Захарович', 'on_duty', '1989-12-10', 'ул. Шахтная, 9, г. Ленинск-Кузнецкий', 6),
(17, 'кинолог', 'Захар', 'Жданов', 'Иванович', 'on_duty', '1993-03-23', 'ул. Собачья, 4, г. Ленинск-Кузнецкий', 3),
(18, 'командир ВГК', 'Иван', 'Захаров', 'Кириллович', 'on_duty', '1979-09-16', 'ул. Высотная, 4, г. Абакан', 15),
(18, 'спасатель', 'Кирилл', 'Иванов', 'Леонович', 'on_duty', '1986-01-29', 'ш. Хакасское, 7, г. Абакан', 8),
(18, 'инструктор', 'Леон', 'Кириллов', 'Матвеевич', 'inactive', '1991-04-12', 'ул. Учебная, 5, г. Абакан', 5),
(19, 'спасатель', 'Матвей', 'Леонов', 'Николаевич', 'on_duty', '1984-08-05', 'ул. Полярная, 13, г. Норильск', 10),
(19, 'техник', 'Николай', 'Матвеев', 'Олегович', 'on_duty', '1992-11-18', 'пр. Ремонтный, 8, г. Норильск', 4),
(20, 'командир ВГК', 'Олег', 'Николаев', 'Петрович', 'on_duty', '1977-02-21', 'ул. Озерная, 2, г. Иркутск', 19),
(20, 'спасатель', 'Петр', 'Олегов', 'Романович', 'on_duty', '1985-06-04', 'ш. Байкальское, 11, г. Иркутск', 10),
(20, 'диспетчер', 'Роман', 'Петров', 'Сергеевич', 'on_duty', '1990-09-17', 'ул. Диспетчерская, 6, г. Иркутск', 6);

-- 11. vgk_rescuers_documents (по 3 документа на каждого спасателя из первых 10)
INSERT INTO vgk_rescuers_documents (document_type, id_rescuer, document_url, valid_until) VALUES
('medical_certificate', 1, '/docs/rescuer1/medical.pdf', '2099-12-31'),
('education_diploma', 1, '/docs/rescuer1/diploma.pdf', '2099-12-31'),
('training_certificate', 1, '/docs/rescuer1/training.pdf', '2099-06-30'),
('medical_certificate', 2, '/docs/rescuer2/medical.pdf', '2099-11-30'),
('work_book', 2, '/docs/rescuer2/workbook.pdf', '2099-12-31'),
('passport_copy', 2, '/docs/rescuer2/passport.pdf', '2099-12-31'),
('medical_certificate', 3, '/docs/rescuer3/medical.pdf', '2099-01-31'),
('education_diploma', 3, '/docs/rescuer3/diploma.pdf', '2099-12-31'),
('military_id', 3, '/docs/rescuer3/military.pdf', '2099-12-31'),
('medical_certificate', 4, '/docs/rescuer4/medical.pdf', '2099-10-31'),
('training_certificate', 4, '/docs/rescuer4/training.pdf', '2099-09-30'),
('photo', 4, '/docs/rescuer4/photo.jpg', '2099-12-31'),
('medical_certificate', 5, '/docs/rescuer5/medical.pdf', '2099-12-31'),
('education_diploma', 5, '/docs/rescuer5/diploma.pdf', '2099-12-31'),
('work_book', 5, '/docs/rescuer5/workbook.pdf', '2099-12-31'),
('medical_certificate', 6, '/docs/rescuer6/medical.pdf', '2099-11-30'),
('passport_copy', 6, '/docs/rescuer6/passport.pdf', '2099-12-31'),
('training_certificate', 6, '/docs/rescuer6/training.pdf', '2099-06-30'),
('medical_certificate', 7, '/docs/rescuer7/medical.pdf', '2099-02-28'),
('education_diploma', 7, '/docs/rescuer7/diploma.pdf', '2099-12-31'),
('military_id', 8, '/docs/rescuer8/military.pdf', '2099-12-31'),
('medical_certificate', 8, '/docs/rescuer8/medical.pdf', '2099-12-31'),
('work_book', 8, '/docs/rescuer8/workbook.pdf', '2099-12-31'),
('medical_certificate', 9, '/docs/rescuer9/medical.pdf', '2099-11-30'),
('education_diploma', 9, '/docs/rescuer9/diploma.pdf', '2099-12-31'),
('training_certificate', 10, '/docs/rescuer10/training.pdf', '2099-03-31'),
('medical_certificate', 10, '/docs/rescuer10/medical.pdf', '2099-01-31');

-- 12. vgk_locations (по 1-2 локации на объект)
INSERT INTO vgk_locations (id_responsible, address, status) VALUES
(1, 'ул. Аварийная, 1, г. Норильск', 'operational'),
(5, 'пр. Спасателей, 3, г. Норильск', 'operational'),
(9, 'ул. Дежурная, 5, г. Воркута', 'operational'),
(13, 'ш. Горняков, 8, г. Кемерово', 'malfunctioning'),
(17, 'ул. Складская, 2, г. Челябинск', 'operational'),
(2, 'ул. Портовская, 9, г. Мурманск', 'operational'),
(6, 'ул. Восточная, 7, г. Магадан', 'operational'),
(10, 'пр. Шахтерский, 18, г. Донецк', 'malfunctioning'),
(14, 'ул. Каменная, 12, г. Красноярск', 'operational'),
(18, 'пр. Металлургов, 25, г. Магнитогорск', 'operational'),
(3, 'ул. Портовская, 9, г. Владивосток', 'operational'),
(7, 'ул. Западная, 14, г. Калининград', 'operational'),
(11, 'пр. Угольный, 30, г. Новокузнецк', 'malfunctioning'),
(15, 'ул. Горная, 8, г. Чита', 'operational'),
(19, 'ш. Сибирское, 11, г. Томск', 'operational'),
(4, 'ул. Речная, 6, г. Архангельск', 'operational'),
(8, 'ул. Южная, 20, г. Ростов-на-Дону', 'operational'),
(12, 'пр. Глубинный, 17, г. Ленинск-Кузнецкий', 'malfunctioning'),
(16, 'ул. Высотная, 4, г. Абакан', 'operational'),
(20, 'ул. Полярная, 13, г. Норильск', 'operational');

-- 13. vgk_shifts (смены для первых 10 ВГК)
INSERT INTO vgk_shifts (shift_start, id_vgk, id_vgk_location, shift_end) VALUES
('2025-01-15 08:00:00', 1, 1, '2026-01-15 20:00:00'),
('2025-01-15 20:00:00', 2, 2, '2026-01-16 08:00:00'),
('2025-01-19 08:00:00', 3, 3, '2026-01-19 20:00:00'),
('2025-01-21 08:00:00', 5, 5, '2026-01-21 20:00:00');

-- 14. accidents_response_operations (операции для первых 15 аварий)
INSERT INTO accidents_response_operations (id_accident, start_date_time, end_date_time, status) VALUES
(1, '2024-01-15 09:00:00', NULL, 'assessment'),
(1, '2024-02-20 14:30:00', NULL, 'assessment'),
(2, '2024-03-10 10:15:00', NULL, 'assessment'),
(2, '2024-04-05 23:00:00', NULL, 'evacuation'),
(3, '2024-05-12 07:45:00', NULL, 'safety_ensuring'),
(3, '2024-06-18 16:45:00', '2024-06-19 08:30:00', 'failed'),
(4, '2024-07-03 11:30:00', NULL, 'safety_ensuring'),
(4, '2024-08-22 10:00:00', '2024-08-22 12:45:00', 'completed'),
(5, '2024-09-14 13:45:00', NULL, 'safety_ensuring'),
(5, '2024-10-30 18:30:00', NULL, 'evacuation'),
(6, '2024-11-05 12:30:00', NULL, 'aftermath_cleanup'),
(6, '2024-12-10 09:15:00', '2024-12-10 14:30:00', 'completed'),
(7, '2024-01-25 15:45:00', NULL, 'aftermath_cleanup'),
(7, '2024-02-14 20:30:00', NULL, 'assessment'),
(8, '2024-03-08 08:00:00', NULL, 'aftermath_cleanup'),
(8, '2024-04-19 10:45:00', NULL, 'assessment'),
(9, '2024-05-28 15:15:00', NULL, 'aftermath_cleanup'),
(9, '2024-06-03 09:20:00', NULL, 'safety_ensuring'),
(10, '2024-07-17 23:45:00', '2024-08-03 22:30:00', 'completed'),
(10, '2024-08-09 17:00:00', NULL, 'evacuation');

-- 15. operations_participations (участие ВГК в операциях)
INSERT INTO operations_participations (id_vgk, id_operation, assigned_task) VALUES
(2, 2, 'Обеспечение связи, медицинская помощь'),
(3, 3, 'Тушение пожара, эвакуация'),
(4, 4, 'Охлаждение конструкций, разведка'),
(9, 9, 'Медицинская помощь при отравлении'),
(11, 11, 'Ремонт комбайна, обеспечение безопасности'),
(16, 16, 'Откачка воды, разведка'),
(20, 20, 'Разбор завала, поиск заблокированных');

-- 16. operations_reports (отчеты по операциям)
INSERT INTO operations_reports (id_operation, report_date_time, description) VALUES
(1, '2024-01-15 18:35:00', 'Завал полностью разобран, пострадавших нет. Конструкции укреплены.'),
(2, '2024-02-21 06:05:00', 'Пожар полностью потушен. Эвакуировано 45 человек. Повреждения минимальны.'),
(5, '2024-05-12 15:25:00', 'Все 8 человек спасены из подъемника. Состояние стабильное.'),
(6, '2024-06-19 08:35:00', 'Обнаружены и эвакуированы 2 пострадавших. Взрыв локализован.'),
(7, '2024-07-03 19:20:00', 'Пострадавшим оказана медицинская помощь, госпитализированы. Газ рассеян.'),
(8, '2024-08-22 12:50:00', 'Пострадавший доставлен в больницу. Состояние средней тяжести.'),
(11, '2024-11-05 16:50:00', 'Задымление устранено. Электрооборудование отключено. Эвакуация завершена.'),
(12, '2024-12-10 14:35:00', 'Пострадавший стабилен, доставлен в реанимацию. Подстанция обесточена.'),
(13, '2024-01-25 17:25:00', 'Пострадавшему оказана помощь на месте. Состояние улучшилось.'),
(16, '2024-04-19 13:20:00', 'Пострадавший с множественными травмами доставлен в больницу.'),
(17, '2024-05-28 18:50:00', 'Пожар потушен. Ущерб оценивается в 500 тыс рублей.'),
(18, '2024-06-03 22:35:00', 'Заблокированный работник спасен. Состояние удовлетворительное.');

-- 17. trainings (тренировки на объектах)
INSERT INTO trainings (date, id_object_location, id_instructor, topic, description) VALUES
('2024-01-10', 1, 1, 'Действия при обрушении', 'Отработка навыков разбора завалов'),
('2024-01-17', 1, 5, 'Противопожарная подготовка', 'Тушение пожара в замкнутом пространстве'),
('2024-02-05', 2, 9, 'Работа в загазованной среде', 'Использование дыхательных аппаратов'),
('2024-02-12', 2, 13, 'Спасение с высоты', 'Альпинистская подготовка'),
('2024-03-08', 3, 17, 'Подводные работы', 'Водолазная подготовка'),
('2024-03-15', 3, 2, 'Медицинская подготовка', 'Оказание первой помощи'),
('2024-04-02', 4, 6, 'Взрывные работы', 'Безопасное проведение взрывов'),
('2024-04-09', 4, 10, 'Радиосвязь', 'Работа в условиях помех'),
('2024-05-14', 5, 14, 'Работа с кинологом', 'Поиск людей с собаками'),
('2024-05-21', 5, 18, 'Управление спецтехникой', 'Вождение в сложных условиях'),
('2024-06-11', 6, 3, 'Геодезические работы', 'Обследование terrain'),
('2024-06-18', 6, 7, 'Психологическая подготовка', 'Работа в стрессовых ситуациях'),
('2024-07-09', 7, 11, 'Логистика', 'Организация снабжения'),
('2024-07-16', 7, 15, 'Диспетчеризация', 'Координация действий'),
('2024-08-06', 8, 19, 'Инженерные расчеты', 'Расчет устойчивости конструкций'),
('2024-08-13', 8, 4, 'Руководство сменой', 'Оперативное управление'),
('2024-09-03', 9, 8, 'Техническое обслуживание', 'Ремонт оборудования'),
('2024-09-10', 9, 12, 'Электробезопасность', 'Работа под напряжением'),
('2024-10-01', 10, 16, 'Химическая защита', 'Работа с опасными веществами'),
('2024-10-08', 10, 20, 'Тактическая подготовка', 'Планирование операций');

-- 18. trainings_participations (участие спасателей в тренировках)
INSERT INTO trainings_participations (date, id_object_location, id_rescuer, notes) VALUES
('2024-01-10', 1, 1, 'Отлично справился'),
('2024-01-10', 1, 2, 'Хорошие навыки'),
('2024-01-10', 1, 3, 'Требуется дополнительная практика'),
('2024-01-17', 1, 1, 'Лидер группы'),
('2024-01-17', 1, 4, 'Эффективные действия'),
('2024-02-05', 2, 5, 'Опытный специалист'),
('2024-02-05', 2, 6, 'Быстро обучается'),
('2024-02-12', 2, 7, 'Отличная физическая форма'),
('2024-02-12', 2, 8, 'Внимателен к деталям'),
('2024-03-08', 3, 9, 'Профессионал'),
('2024-03-08', 3, 10, 'Хорошие теоретические знания'),
('2024-03-15', 3, 11, 'Практические навыки на высоте'),
('2024-03-15', 3, 12, 'Требует больше практики'),
('2024-04-02', 4, 13, 'Аккуратен при обращении со взрывчаткой'),
('2024-04-02', 4, 14, 'Соблюдает все меры безопасности'),
('2024-04-09', 4, 15, 'Отличный радист'),
('2024-04-09', 4, 16, 'Быстро настраивает оборудование'),
('2024-05-14', 5, 17, 'Хороший контакт с собакой'),
('2024-05-14', 5, 18, 'Эффективный поиск'),
('2024-05-21', 5, 19, 'Отличные навыки вождения');

-- 19. certifications_passings (аттестации спасателей)
INSERT INTO certifications_passings (date, id_rescuer, result, topic) VALUES
('2024-01-20', 1, true, 'Командирская подготовка'),
('2024-01-20', 2, true, 'Спасательные работы'),
('2024-01-20', 3, false, 'Медицинская подготовка'),
('2024-02-15', 4, true, 'Водолазная подготовка'),
('2024-02-15', 5, true, 'Взрывные работы'),
('2024-03-10', 6, true, 'Радиосвязь'),
('2024-03-10', 7, false, 'Альпинистская подготовка'),
('2024-04-05', 8, true, 'Техническое обслуживание'),
('2024-04-05', 9, true, 'Противопожарная подготовка'),
('2024-05-12', 10, true, 'Кинологическая подготовка'),
('2024-05-12', 11, false, 'Геодезия'),
('2024-06-08', 12, true, 'Психологическая подготовка'),
('2024-06-08', 13, true, 'Логистика'),
('2024-07-03', 14, true, 'Диспетчеризация'),
('2024-07-03', 15, false, 'Инженерные расчеты'),
('2024-08-20', 16, true, 'Электробезопасность'),
('2024-08-20', 17, true, 'Химическая защита'),
('2024-09-15', 18, true, 'Тактическая подготовка'),
('2024-09-15', 19, false, 'Управление техникой'),
('2024-10-10', 20, true, 'Первая помощь');

-- 20. vgk_rescuers_medical_parameters (медицинские показатели спасателей)
INSERT INTO vgk_rescuers_medical_parameters (date, id_rescuer, expire_date, health_group, height, weight, conclusion, note) VALUES
('2024-01-05', 1, '2026-12-31', 1, 180.2, 78.5, 'Годен без ограничений', 'Отличное здоровье'),
('2024-01-05', 2, '2026-12-31', 1, 175.8, 72.3, 'Годен без ограничений', 'Нормальные показатели'),
('2024-01-10', 3, '2026-11-30', 2, 182.5, 85.1, 'Годен с незначительными ограничениями', 'Небольшие проблемы со зрением'),
('2024-01-10', 4, '2026-11-30', 1, 178.3, 76.8, 'Годен без ограничений', 'Здоров'),
('2024-01-15', 5, '2026-01-31', 2, 185.0, 90.2, 'Годен с ограничениями', 'Повышенное давление под контролем'),
('2024-01-15', 6, '2026-01-31', 1, 172.4, 68.9, 'Годен без ограничений', 'Идеальные показатели'),
('2024-01-20', 7, '2026-10-31', 3, 179.6, 83.7, 'Годен с существенными ограничениями', 'Проблемы с суставами'),
('2024-01-20', 8, '2026-10-31', 2, 181.2, 79.4, 'Годен с ограничениями', 'Астма в легкой форме'),
('2024-01-25', 9, '2026-12-31', 1, 176.9, 74.2, 'Годен без ограничений', 'Здоров'),
('2024-01-25', 10, '2026-12-31', 1, 183.1, 82.6, 'Годен без ограничений', 'Отличная физическая форма'),
('2024-02-01', 11, '2026-02-28', 2, 177.8, 77.3, 'Годен с ограничениями', 'Недавняя травма колена'),
('2024-02-01', 12, '2026-02-28', 1, 174.5, 70.8, 'Годен без ограничений', 'Здоров'),
('2024-02-05', 13, '2026-11-30', 2, 186.2, 92.1, 'Годен с ограничениями', 'Избыточный вес'),
('2024-02-05', 14, '2026-11-30', 1, 179.0, 75.6, 'Годен без ограничений', 'Норма'),
('2024-02-10', 15, '2026-01-31', 3, 168.4, 65.2, 'Годен с существенными ограничениями', 'Хроническое заболевание'),
('2024-02-10', 16, '2026-01-31', 1, 182.7, 81.9, 'Годен без ограничений', 'Здоров'),
('2024-02-15', 17, '2026-10-31', 2, 175.3, 73.4, 'Годен с ограничениями', 'Проблемы со слухом'),
('2024-02-15', 18, '2026-10-31', 1, 180.8, 79.1, 'Годен без ограничений', 'Здоров'),
('2024-02-20', 19, '2026-12-31', 2, 178.1, 76.5, 'Годен с ограничениями', 'Аллергия на пыль'),
('2024-02-20', 20, '2026-12-31', 1, 184.3, 84.2, 'Годен без ограничений', 'Отличное здоровье');

-- 21. vgk_service_room (сервисные помещения)
INSERT INTO vgk_service_room (id_responsible, purpose, address) VALUES
(1, 'Ремонт дыхательных аппаратов', 'ул. Сервисная, 1, г. Норильск'),
(5, 'Обслуживание спецтехники', 'ул. Гаражная, 3, г. Норильск'),
(9, 'Медицинский пункт', 'ул. Медицинская, 5, г. Воркута'),
(13, 'Склад оборудования', 'ул. Складская, 2, г. Кемерово'),
(17, 'Ремонт электрооборудования', 'ул. Электрическая, 4, г. Челябинск'),
(2, 'Обслуживание водолазного снаряжения', 'ул. Портовская, 9, г. Мурманск'),
(6, 'Ремонт радиостанций', 'ул. Связи, 7, г. Магадан'),
(10, 'Обслуживание альпинистского снаряжения', 'ул. Горная, 12, г. Донецк'),
(14, 'Ремонт противопожарного оборудования', 'ул. Пожарная, 8, г. Красноярск'),
(18, 'Обслуживание кинологической службы', 'ул. Собачья, 3, г. Магнитогорск'),
(3, 'Ремонт геодезического оборудования', 'ул. Геодезическая, 6, г. Владивосток'),
(7, 'Психологический кабинет', 'ул. Психологов, 4, г. Калининград'),
(11, 'Логистический центр', 'ул. Логистическая, 5, г. Новокузнецк'),
(15, 'Диспетчерская', 'ул. Диспетчерская, 9, г. Чита'),
(19, 'Инженерный отдел', 'ул. Инженерная, 7, г. Томск'),
(4, 'Химическая лаборатория', 'ул. Лабораторная, 3, г. Архангельск'),
(8, 'Учебный класс', 'ул. Учебная, 2, г. Ростов-на-Дону'),
(12, 'Ремонт взрывного оборудования', 'ул. Взрывная, 1, г. Ленинск-Кузнецкий'),
(16, 'Сервис гидравлического инструмента', 'ул. Гидравлическая, 4, г. Абакан'),
(20, 'Центр управления операциями', 'ул. Центральная, 10, г. Норильск');

-- 22. equipment (оборудование)
INSERT INTO equipment (id_vgk_location, equipment_type, name, status, last_check_date) VALUES
(1, 'дыхательный аппарат', 'ДА-7М', 'operational', '2024-01-10'),
(1, 'тепловизор', 'ТП-4', 'operational', '2024-01-12'),
(2, 'газоанализатор', 'ГАН-3', 'needs_repair_service', '2023-12-15'),
(2, 'медицинская аптечка', 'АМ-5', 'operational', '2024-01-05'),
(3, 'спасательная капсула', 'СК-2', 'under_repair', '2023-11-20'),
(3, 'генератор кислорода', 'ГО-1', 'operational', '2024-01-15'),
(4, 'радиостанция', 'Р-168', 'written_off', '2023-10-30'),
(4, 'осветительный прибор', 'ОП-3', 'operational', '2024-01-08'),
(5, 'инструмент для разбора завалов', 'ИРЗ-4', 'operational', '2024-01-18'),
(5, 'противопожарное оборудование', 'ПО-2', 'operational', '2024-01-03'),
(6, 'гидравлический инструмент', 'ГИ-1', 'needs_repair_service', '2023-12-28'),
(6, 'средства индивидуальной защиты', 'СИЗ-3', 'operational', '2024-01-07'),
(7, 'навигационное оборудование', 'НО-2', 'under_repair', '2023-11-15'),
(7, 'водолазное снаряжение', 'ВС-1', 'operational', '2024-01-12'),
(8, 'альпинистское снаряжение', 'АС-2', 'written_off', '2023-10-25'),
(8, 'робототехнический комплекс', 'РК-1', 'operational', '2024-01-20'),
(9, 'дрон', 'Дрон-М', 'operational', '2024-01-14'),
(9, 'георадар', 'ГР-3', 'operational', '2024-01-09'),
(10, 'дефибриллятор', 'ДФ-1', 'needs_repair_service', '2023-12-20'),
(10, 'лабораторное оборудование', 'ЛО-2', 'operational', '2024-01-11');

-- 23. transport (транспорт)
INSERT INTO transport (id_vgk_location, model, type, status, manufacture_date, mileage, last_check_date) VALUES
(1, 'Урал-4320', 'грузовик', 'operational', '2018-05-15', 125430.5, '2024-01-10'),
(2, 'КАМАЗ-43118', 'вездеход', 'operational', '2019-08-20', 98765.2, '2024-01-12'),
(3, 'ГАЗ-66', 'грузовик', 'under_repair', '2017-11-30', 154320.8, '2023-12-15'),
(4, 'УАЗ-469', 'внедорожник', 'operational', '2020-03-25', 65432.1, '2024-01-05'),
(5, 'БТР-80', 'бронетранспортер', 'written_off', '2015-06-18', 234567.9, '2023-10-30'),
(6, 'МАЗ-6317', 'тягач', 'operational', '2019-12-10', 87654.3, '2024-01-15'),
(7, 'ЗИЛ-131', 'грузовик', 'operational', '2018-07-22', 112345.6, '2024-01-08'),
(8, 'ГАЗель Next', 'фургон', 'operational', '2021-02-14', 43210.5, '2024-01-18'),
(9, 'Тигр', 'бронированный автомобиль', 'needs_repair_service', '2016-09-08', 198765.4, '2023-12-28'),
(10, 'ЛуАЗ-969', 'вездеход', 'operational', '2017-04-30', 76543.2, '2024-01-03'),
(11, 'Урал-5323', 'грузовик', 'under_repair', '2018-11-12', 143210.7, '2023-11-15'),
(12, 'ВАЗ-2121', 'внедорожник', 'operational', '2020-08-05', 54321.9, '2024-01-07'),
(13, 'КРАЗ-255', 'грузовик', 'written_off', '2014-12-20', 287654.1, '2023-10-25'),
(14, 'ГАЗ-3308', 'грузовик', 'operational', '2019-05-28', 98765.8, '2024-01-20'),
(15, 'УАЗ Патриот', 'внедорожник', 'operational', '2021-01-15', 32109.4, '2024-01-14'),
(16, 'МТ-ЛБ', 'транспортер', 'operational', '2016-03-10', 176543.0, '2024-01-09'),
(17, 'КАМАЗ-4350', 'грузовик', 'needs_repair_service', '2017-10-22', 132456.3, '2023-12-20'),
(18, 'ГАЗ-24', 'легковой', 'operational', '2018-06-14', 87654.7, '2024-01-11'),
(19, 'БРДМ-2', 'разведывательная машина', 'under_repair', '2015-09-05', 198765.2, '2023-11-30'),
(20, 'Урал-6370', 'грузовик', 'operational', '2020-04-18', 65432.6, '2024-01-13');

-- 24. equipment_usage_history (история использования оборудования)
INSERT INTO equipment_usage_history (inventory_number, id_rescuer, issue_date, return_date, purpose) VALUES
(1, 1, '2024-01-10', '2024-01-12', 'Тренировка по работе в загазованной среде'),
(2, 2, '2024-01-12', '2024-01-14', 'Поисковые работы в задымленном помещении'),
(4, 4, '2024-01-05', '2024-01-07', 'Оказание первой помощи на учениях'),
(6, 6, '2024-01-15', '2024-01-18', 'Обеспечение кислородом при тушении пожара'),
(8, 8, '2024-01-08', '2024-01-10', 'Освещение места аварии в ночное время'),
(9, 9, '2024-01-18', '2024-01-21', 'Разбор завала после обрушения'),
(10, 10, '2024-01-03', '2024-01-06', 'Тушение локального возгорания'),
(12, 12, '2024-01-07', '2024-01-09', 'Защита от химического загрязнения'),
(14, 14, '2024-01-12', '2024-01-15', 'Подводное обследование затопленной шахты'),
(16, 16, '2024-01-20', '2024-01-23', 'Разведка в опасной зоне с помощью робота'),
(17, 17, '2024-01-14', '2024-01-17', 'Аэрофотосъемка места аварии'),
(18, 18, '2024-01-09', '2024-01-12', 'Поиск пустот под завалом'),
(20, 20, '2024-01-11', '2024-01-14', 'Анализ проб воздуха');

-- 25. transport_usage_history (история использования транспорта)
INSERT INTO transport_usage_history (transport_number, id_rescuer, departure_date, return_date, purpose) VALUES
(1, 1, '2024-01-10', '2024-01-12', 'Доставка оборудования к месту аварии'),
(2, 2, '2024-01-12', '2024-01-14', 'Транспортировка спасателей в труднодоступный район'),
(4, 4, '2024-01-05', '2024-01-07', 'Доставка медикаментов на объект'),
(6, 6, '2024-01-15', '2024-01-18', 'Буксировка поврежденной техники'),
(7, 7, '2023-10-30', '2023-11-05', 'Обеспечение логистики при масштабной операции'),
(8, 8, '2024-01-08', '2024-01-10', 'Перевозка смены спасателей'),
(10, 10, '2024-01-03', '2024-01-06', 'Патрулирование территории рудника'),
(12, 12, '2024-01-07', '2024-01-09', 'Срочная доставка медикаментов'),
(14, 14, '2024-01-12', '2024-01-15', 'Перевозка водолазного оборудования'),
(15, 15, '2023-10-25', '2023-10-30', 'Транспортировка альпинистского снаряжения'),
(16, 16, '2024-01-20', '2024-01-23', 'Доставка робототехнического комплекса'),
(18, 18, '2024-01-09', '2024-01-12', 'Транспортировка георадара'),
(20, 20, '2024-01-11', '2024-01-14', 'Перевозка лабораторного оборудования');

-- 26. equipment_service_history (история обслуживания оборудования)
INSERT INTO equipment_service_history (inventory_number, id_service_room, reason, serve_date, status) VALUES
(3, 1, 'Замена сенсоров', '2024-01-05', 'repaired'),
(7, 2, 'Полный износ, списание', '2023-11-10', 'irreparable'),
(11, 3, 'Течь гидравлики', '2024-01-10', 'under_repair'),
(13, 4, 'Неисправность дисплея', '2023-12-01', 'repaired'),
(15, 5, 'Истек срок службы', '2023-10-30', 'irreparable'),
(19, 6, 'Замена аккумулятора', '2024-01-15', 'in_queue'),
(2, 7, 'Профилактическое обслуживание', '2024-01-08', 'repaired'),
(5, 8, 'Ремонт системы жизнеобеспечения', '2023-11-25', 'under_repair'),
(9, 9, 'Замена режущих элементов', '2024-01-12', 'repaired'),
(14, 10, 'Проверка герметичности', '2024-01-07', 'repaired'),
(17, 11, 'Настройка камеры', '2024-01-14', 'repaired'),
(20, 12, 'Калибровка датчиков', '2024-01-09', 'repaired'),
(1, 13, 'Замена фильтров', '2024-01-03', 'repaired'),
(4, 14, 'Пополнение медикаментов', '2024-01-01', 'repaired'),
(6, 15, 'Замена компрессора', '2024-01-16', 'under_repair'),
(8, 16, 'Ремонт проводки', '2024-01-06', 'repaired'),
(10, 17, 'Перезарядка огнетушителей', '2024-01-02', 'repaired'),
(12, 18, 'Замена защитных элементов', '2024-01-11', 'repaired'),
(16, 19, 'Обновление ПО', '2024-01-18', 'repaired'),
(18, 20, 'Настройка антенн', '2024-01-13', 'repaired');

-- 27. transport_service_history (история обслуживания транспорта)
INSERT INTO transport_service_history (transport_number, id_service_room, reason, serve_date, status) VALUES
(3, 1, 'Замена двигателя', '2024-01-10', 'under_repair'),
(5, 2, 'Полный износ, списание', '2023-11-05', 'irreparable'),
(9, 3, 'Ремонт трансмиссии', '2024-01-15', 'in_queue'),
(11, 4, 'Замена мостов', '2023-12-05', 'under_repair'),
(13, 5, 'Истек срок эксплуатации', '2023-10-25', 'irreparable'),
(17, 6, 'Замена топливной системы', '2024-01-12', 'repaired'),
(19, 7, 'Капитальный ремонт ходовой', '2023-12-20', 'under_repair'),
(1, 8, 'Плановое ТО', '2024-01-05', 'repaired'),
(2, 9, 'Замена шин', '2024-01-08', 'repaired'),
(4, 10, 'Ремонт электросистемы', '2024-01-03', 'repaired'),
(6, 11, 'Замена тормозной системы', '2024-01-18', 'repaired'),
(7, 12, 'Настройка двигателя', '2024-01-07', 'repaired'),
(8, 13, 'Кузовной ремонт', '2024-01-14', 'repaired'),
(10, 14, 'Замена подвески', '2024-01-02', 'repaired'),
(12, 15, 'Ремонт кондиционера', '2024-01-09', 'repaired'),
(14, 16, 'Плановое обслуживание', '2024-01-20', 'repaired'),
(15, 17, 'Настройка полного привода', '2024-01-11', 'repaired'),
(16, 18, 'Замена гидросистемы', '2024-01-06', 'repaired'),
(18, 19, 'Ремонт выхлопной системы', '2024-01-13', 'repaired'),
(20, 20, 'Компьютерная диагностика', '2024-01-16', 'repaired');


SELECT update_vgk_rescuers_status();
